--
-- PostgreSQL database dump
--

-- Dumped from database version 9.6.15
-- Dumped by pg_dump version 9.6.15

SET statement_timeout = 0;
SET lock_timeout = 0;
SET idle_in_transaction_session_timeout = 0;
SET client_encoding = 'UTF8';
SET standard_conforming_strings = on;
SELECT pg_catalog.set_config('search_path', '', false);
SET check_function_bodies = false;
SET xmloption = content;
SET client_min_messages = warning;
SET row_security = off;

--
-- Name: plpgsql; Type: EXTENSION; Schema: -; Owner: 
--

CREATE EXTENSION IF NOT EXISTS plpgsql WITH SCHEMA pg_catalog;


--
-- Name: EXTENSION plpgsql; Type: COMMENT; Schema: -; Owner: 
--

COMMENT ON EXTENSION plpgsql IS 'PL/pgSQL procedural language';


SET default_tablespace = '';

SET default_with_oids = false;

--
-- Name: actor_movie; Type: TABLE; Schema: public; Owner: root
--

CREATE TABLE public.actor_movie (
    actor_id integer NOT NULL,
    movie_id integer NOT NULL
);


ALTER TABLE public.actor_movie OWNER TO root;

--
-- Name: actors; Type: TABLE; Schema: public; Owner: root
--

CREATE TABLE public.actors (
    id integer NOT NULL,
    name character varying NOT NULL,
    age integer,
    gender character varying
);


ALTER TABLE public.actors OWNER TO root;

--
-- Name: actors_id_seq; Type: SEQUENCE; Schema: public; Owner: root
--

CREATE SEQUENCE public.actors_id_seq
    START WITH 1
    INCREMENT BY 1
    NO MINVALUE
    NO MAXVALUE
    CACHE 1;


ALTER TABLE public.actors_id_seq OWNER TO root;

--
-- Name: actors_id_seq; Type: SEQUENCE OWNED BY; Schema: public; Owner: root
--

ALTER SEQUENCE public.actors_id_seq OWNED BY public.actors.id;


--
-- Name: movies; Type: TABLE; Schema: public; Owner: root
--

CREATE TABLE public.movies (
    id integer NOT NULL,
    title character varying NOT NULL,
    release_date timestamp without time zone
);


ALTER TABLE public.movies OWNER TO root;

--
-- Name: movies_id_seq; Type: SEQUENCE; Schema: public; Owner: root
--

CREATE SEQUENCE public.movies_id_seq
    START WITH 1
    INCREMENT BY 1
    NO MINVALUE
    NO MAXVALUE
    CACHE 1;


ALTER TABLE public.movies_id_seq OWNER TO root;

--
-- Name: movies_id_seq; Type: SEQUENCE OWNED BY; Schema: public; Owner: root
--

ALTER SEQUENCE public.movies_id_seq OWNED BY public.movies.id;


--
-- Name: actors id; Type: DEFAULT; Schema: public; Owner: root
--

ALTER TABLE ONLY public.actors ALTER COLUMN id SET DEFAULT nextval('public.actors_id_seq'::regclass);


--
-- Name: movies id; Type: DEFAULT; Schema: public; Owner: root
--

ALTER TABLE ONLY public.movies ALTER COLUMN id SET DEFAULT nextval('public.movies_id_seq'::regclass);


--
-- Data for Name: actor_movie; Type: TABLE DATA; Schema: public; Owner: root
--

COPY public.actor_movie (actor_id, movie_id) FROM stdin;
1	1
2	1
3	1
4	1
5	1
6	1
7	1
8	1
9	1
10	1
2	2
4	2
6	2
8	2
10	2
1	3
3	3
5	3
7	3
9	3
1	4
7	4
\.


--
-- Data for Name: actors; Type: TABLE DATA; Schema: public; Owner: root
--

COPY public.actors (id, name, age, gender) FROM stdin;
1	Actor01	51	male
2	Actor02	52	female
3	Actor03	53	male
4	Actor04	54	female
5	Actor05	55	male
6	Actor06	56	female
7	Actor07	57	male
8	Actor08	58	female
9	Actor09	59	male
10	Actor10	60	female
\.


--
-- Name: actors_id_seq; Type: SEQUENCE SET; Schema: public; Owner: root
--

SELECT pg_catalog.setval('public.actors_id_seq', 10, true);


--
-- Data for Name: movies; Type: TABLE DATA; Schema: public; Owner: root
--

COPY public.movies (id, title, release_date) FROM stdin;
1	film1	2001-01-01 00:00:00
2	film2	2002-02-02 00:00:00
3	film3	2003-03-03 00:00:00
4	film4	2004-04-04 00:00:00
5	film5	2005-05-05 00:00:00
\.


--
-- Name: movies_id_seq; Type: SEQUENCE SET; Schema: public; Owner: root
--

SELECT pg_catalog.setval('public.movies_id_seq', 5, true);


--
-- Name: actor_movie actor_movie_pkey; Type: CONSTRAINT; Schema: public; Owner: root
--

ALTER TABLE ONLY public.actor_movie
    ADD CONSTRAINT actor_movie_pkey PRIMARY KEY (actor_id, movie_id);


--
-- Name: actors actors_name_key; Type: CONSTRAINT; Schema: public; Owner: root
--

ALTER TABLE ONLY public.actors
    ADD CONSTRAINT actors_name_key UNIQUE (name);


--
-- Name: actors actors_pkey; Type: CONSTRAINT; Schema: public; Owner: root
--

ALTER TABLE ONLY public.actors
    ADD CONSTRAINT actors_pkey PRIMARY KEY (id);


--
-- Name: movies movies_pkey; Type: CONSTRAINT; Schema: public; Owner: root
--

ALTER TABLE ONLY public.movies
    ADD CONSTRAINT movies_pkey PRIMARY KEY (id);


--
-- Name: movies movies_title_key; Type: CONSTRAINT; Schema: public; Owner: root
--

ALTER TABLE ONLY public.movies
    ADD CONSTRAINT movies_title_key UNIQUE (title);


--
-- Name: actor_movie actor_movie_actor_id_fkey; Type: FK CONSTRAINT; Schema: public; Owner: root
--

ALTER TABLE ONLY public.actor_movie
    ADD CONSTRAINT actor_movie_actor_id_fkey FOREIGN KEY (actor_id) REFERENCES public.actors(id);


--
-- Name: actor_movie actor_movie_movie_id_fkey; Type: FK CONSTRAINT; Schema: public; Owner: root
--

ALTER TABLE ONLY public.actor_movie
    ADD CONSTRAINT actor_movie_movie_id_fkey FOREIGN KEY (movie_id) REFERENCES public.movies(id);


--
-- PostgreSQL database dump complete
--

